-- Upgrader master catalog targets for process_upgrade_roll lookups.
-- Generated by scripts/generateUpgraderSeed.ts — re-run after changing packPokemonPools.ts
-- Run in Supabase SQL editor after boxes + box_items tables exist.

create table if not exists public.upgrade_catalog_items (
  item_id text primary key,
  item_name text not null,
  store_rarity text not null,
  gem_value integer not null check (gem_value > 0),
  image_url text not null default ''
);

create unique index if not exists box_items_box_id_item_id_uidx
  on public.box_items (box_id, item_id);

insert into public.boxes (
  id,
  name,
  cost,
  description,
  category,
  image_url,
  theme,
  accent_label,
  is_active,
  sort_order
)
values
  (
    'legendary-hunt',
    'Legendary Hunt',
    2500,
    'High variance alternate-art chase pool used for upgrader target validation.',
    'pokemon',
    '',
    'fuchsia',
    'HIGH VARIANCE',
    true,
    4
  ),
  (
    'god-pack-1999',
    'The 1999 God Pack',
    10000,
    'Vintage base-set grail pool used for upgrader target validation.',
    'pokemon',
    '',
    'mystic',
    'CEILING',
    true,
    7
  ),
  (
    'upgrader-catalog',
    'Upgrader Master Catalog',
    0,
    'Canonical gem values for Collection Upgrader targets.',
    'pokemon',
    '',
    'gold',
    'UPGRADER',
    false,
    99
  )
on conflict (id) do update
set
  name = excluded.name,
  cost = excluded.cost,
  description = excluded.description,
  category = excluded.category,
  is_active = excluded.is_active,
  sort_order = excluded.sort_order;

insert into public.box_items (
  box_id,
  item_id,
  item_name,
  store_rarity,
  gem_value,
  image_url,
  probability,
  sort_order
)
values
  ('god-pack-1999', 'pk-god-23', 'Charizard Holo — BGS 9.5', 'Mythic', 75000, 'https://images.pokemontcg.io/base1/4_hires.png', 0.8, 1),
  ('god-pack-1999', 'pk-god-16', 'Charizard Holo', 'Mythic', 50000, 'https://images.pokemontcg.io/base1/4_hires.png', 1.2, 2),
  ('god-pack-1999', 'pk-god-17', 'Charizard Holo — PSA 8', 'Mythic', 35000, 'https://images.pokemontcg.io/base1/4_hires.png', 1.6, 3),
  ('god-pack-1999', 'pk-god-18', 'Blastoise Holo — PSA 9', 'Mythic', 28000, 'https://images.pokemontcg.io/base1/2_hires.png', 1.8, 4),
  ('god-pack-1999', 'pk-god-19', 'Venusaur Holo — PSA 9', 'Mythic', 24000, 'https://images.pokemontcg.io/base1/15_hires.png', 2, 5),
  ('legendary-hunt', 'pk-hunt-05', 'Umbreon VMAX', 'Mythic', 22000, 'https://images.pokemontcg.io/swsh7/215_hires.png', 1.6, 6),
  ('god-pack-1999', 'pk-god-15', 'Blastoise Holo', 'Mythic', 22000, 'https://images.pokemontcg.io/base1/2_hires.png', 1.8, 7),
  ('legendary-hunt', 'pk-hunt-20', 'Mew ex', 'Mythic', 20000, 'https://images.pokemontcg.io/sv3pt5/205_hires.png', 1.4, 8),
  ('god-pack-1999', 'pk-god-20', 'Mewtwo Holo — PSA 9', 'Mythic', 20000, 'https://images.pokemontcg.io/base1/10_hires.png', 2.2, 9),
  ('legendary-hunt', 'pk-hunt-14', 'Charizard ex', 'Mythic', 18500, 'https://images.pokemontcg.io/sv3/228_hires.png', 1.6, 10),
  ('legendary-hunt', 'pk-hunt-01', 'Giratina V', 'Mythic', 18000, 'https://images.pokemontcg.io/swsh11/186_hires.png', 2, 11),
  ('god-pack-1999', 'pk-god-14', 'Venusaur Holo', 'Mythic', 18000, 'https://images.pokemontcg.io/base1/15_hires.png', 2, 12),
  ('legendary-hunt', 'pk-hunt-21', 'Charizard ex', 'Mythic', 17000, 'https://images.pokemontcg.io/sv3pt5/201_hires.png', 1.6, 13),
  ('legendary-hunt', 'pk-hunt-02', 'Lugia V', 'Mythic', 16000, 'https://images.pokemontcg.io/swsh12/186_hires.png', 2.2, 14),
  ('legendary-hunt', 'pk-hunt-13', 'Charizard ex', 'Mythic', 16000, 'https://images.pokemontcg.io/sv3/223_hires.png', 1.8, 15),
  ('legendary-hunt', 'pk-hunt-06', 'Rayquaza VMAX', 'Mythic', 15000, 'https://images.pokemontcg.io/swsh8/217_hires.png', 2.2, 16),
  ('legendary-hunt', 'pk-hunt-03', 'Origin Forme Dialga VSTAR', 'Mythic', 14000, 'https://images.pokemontcg.io/swsh10/186_hires.png', 2.4, 17),
  ('legendary-hunt', 'pk-hunt-11', 'Iono', 'Mythic', 14000, 'https://images.pokemontcg.io/sv2/244_hires.png', 2, 18),
  ('legendary-hunt', 'pk-hunt-04', 'Origin Forme Palkia VSTAR', 'Mythic', 13500, 'https://images.pokemontcg.io/swsh10/187_hires.png', 2.4, 19),
  ('legendary-hunt', 'pk-hunt-18', 'Roaring Moon ex', 'Mythic', 13000, 'https://images.pokemontcg.io/sv4/251_hires.png', 2, 20),
  ('legendary-hunt', 'pk-hunt-16', 'Garchomp ex', 'Mythic', 12500, 'https://images.pokemontcg.io/sv4/245_hires.png', 2, 21),
  ('legendary-hunt', 'pk-hunt-09', 'Gardevoir ex', 'Mythic', 12000, 'https://images.pokemontcg.io/sv1/245_hires.png', 2, 22),
  ('god-pack-1999', 'pk-god-13', 'Mewtwo Holo', 'Mythic', 12000, 'https://images.pokemontcg.io/base1/10_hires.png', 2.4, 23),
  ('legendary-hunt', 'pk-hunt-17', 'Iron Valiant ex', 'Mythic', 11500, 'https://images.pokemontcg.io/sv4/249_hires.png', 2.2, 24),
  ('legendary-hunt', 'pk-hunt-10', 'Miraidon ex', 'Mythic', 11000, 'https://images.pokemontcg.io/sv1/244_hires.png', 2.2, 25)
on conflict (box_id, item_id) do update
set
  item_name = excluded.item_name,
  store_rarity = excluded.store_rarity,
  gem_value = excluded.gem_value,
  image_url = excluded.image_url,
  probability = excluded.probability,
  sort_order = excluded.sort_order;

insert into public.upgrade_catalog_items (
  item_id,
  item_name,
  store_rarity,
  gem_value,
  image_url
)
values
  ('pk-god-23', 'Charizard Holo — BGS 9.5', 'Mythic', 75000, 'https://images.pokemontcg.io/base1/4_hires.png'),
  ('pk-god-16', 'Charizard Holo', 'Mythic', 50000, 'https://images.pokemontcg.io/base1/4_hires.png'),
  ('pk-god-17', 'Charizard Holo — PSA 8', 'Mythic', 35000, 'https://images.pokemontcg.io/base1/4_hires.png'),
  ('pk-god-18', 'Blastoise Holo — PSA 9', 'Mythic', 28000, 'https://images.pokemontcg.io/base1/2_hires.png'),
  ('pk-god-19', 'Venusaur Holo — PSA 9', 'Mythic', 24000, 'https://images.pokemontcg.io/base1/15_hires.png'),
  ('pk-hunt-05', 'Umbreon VMAX', 'Mythic', 22000, 'https://images.pokemontcg.io/swsh7/215_hires.png'),
  ('pk-god-15', 'Blastoise Holo', 'Mythic', 22000, 'https://images.pokemontcg.io/base1/2_hires.png'),
  ('pk-hunt-20', 'Mew ex', 'Mythic', 20000, 'https://images.pokemontcg.io/sv3pt5/205_hires.png'),
  ('pk-god-20', 'Mewtwo Holo — PSA 9', 'Mythic', 20000, 'https://images.pokemontcg.io/base1/10_hires.png'),
  ('pk-hunt-14', 'Charizard ex', 'Mythic', 18500, 'https://images.pokemontcg.io/sv3/228_hires.png'),
  ('pk-hunt-01', 'Giratina V', 'Mythic', 18000, 'https://images.pokemontcg.io/swsh11/186_hires.png'),
  ('pk-god-14', 'Venusaur Holo', 'Mythic', 18000, 'https://images.pokemontcg.io/base1/15_hires.png'),
  ('pk-hunt-21', 'Charizard ex', 'Mythic', 17000, 'https://images.pokemontcg.io/sv3pt5/201_hires.png'),
  ('pk-hunt-02', 'Lugia V', 'Mythic', 16000, 'https://images.pokemontcg.io/swsh12/186_hires.png'),
  ('pk-hunt-13', 'Charizard ex', 'Mythic', 16000, 'https://images.pokemontcg.io/sv3/223_hires.png'),
  ('pk-hunt-06', 'Rayquaza VMAX', 'Mythic', 15000, 'https://images.pokemontcg.io/swsh8/217_hires.png'),
  ('pk-hunt-03', 'Origin Forme Dialga VSTAR', 'Mythic', 14000, 'https://images.pokemontcg.io/swsh10/186_hires.png'),
  ('pk-hunt-11', 'Iono', 'Mythic', 14000, 'https://images.pokemontcg.io/sv2/244_hires.png'),
  ('pk-hunt-04', 'Origin Forme Palkia VSTAR', 'Mythic', 13500, 'https://images.pokemontcg.io/swsh10/187_hires.png'),
  ('pk-hunt-18', 'Roaring Moon ex', 'Mythic', 13000, 'https://images.pokemontcg.io/sv4/251_hires.png'),
  ('pk-hunt-16', 'Garchomp ex', 'Mythic', 12500, 'https://images.pokemontcg.io/sv4/245_hires.png'),
  ('pk-hunt-09', 'Gardevoir ex', 'Mythic', 12000, 'https://images.pokemontcg.io/sv1/245_hires.png'),
  ('pk-god-13', 'Mewtwo Holo', 'Mythic', 12000, 'https://images.pokemontcg.io/base1/10_hires.png'),
  ('pk-hunt-17', 'Iron Valiant ex', 'Mythic', 11500, 'https://images.pokemontcg.io/sv4/249_hires.png'),
  ('pk-hunt-10', 'Miraidon ex', 'Mythic', 11000, 'https://images.pokemontcg.io/sv1/244_hires.png')
on conflict (item_id) do update
set
  item_name = excluded.item_name,
  store_rarity = excluded.store_rarity,
  gem_value = excluded.gem_value,
  image_url = excluded.image_url;

